Date,Concert
"Dec 20, 2018",Stars 80 Stars 80 Triomphe
"Dec 05, 2018",Indochine 13 Tour Setlists
"nov. 25, 2018",Vald
"nov. 23, 2018",Kyo / Diva Faune
"nov. 20, 2018",Orelsan Setlists
"nov. 17, 2018",Bénabar Le Début de la Suite Setlists
"nov. 16, 2018",Columbine / Isha / Le Motel / Lord Esperanza / Salut c'est cool / Therapie Taxi Is this Fresh
"nov. 15, 2018",MC Solaar Mc solaar Setlists
"nov. 12, 2018",Marc Lavoine
"oct. 20, 2018",Hubert-Félix Thiéfaine / The Gluteens Videos Setlists
"oct. 18, 2018",Bigflo & Oli / Berywam La vraie vie Setlists
"oct. 12, 2018",Julien Clerc
"oct. 11, 2018",Brigitte
"oct. 07, 2018",Guns N’ Roses Expérience Legends of Rock Setlists
"Jul 25, 2018",Lenny Kravitz Setlists
"Jun 16, 2018",Moodoïd Is This Pop
"May 27, 2018",Doc Gynéco / Stomy Bugsy / Pit Baccardi / Mc Janik / Arsenik / Singuila
"May 24, 2018",Louane Louane LIVE Photos
"May 23, 2018",Indochine / Grand Blanc 13 Tour Setlists
"May 22, 2018",Indochine / Grand Blanc Setlists
"May 19, 2018",Elsa Gilles Liberté Chérie Tour
"May 18, 2018",Calogero
"May 05, 2018",Stars 80
"Apr 30, 2018",DJ Mathematic
"Apr 28, 2018",Walk Off The Earth
"Apr 23, 2018",Joe Satriani / Uli Jon Roth / John Petrucci Setlists
"Apr 21, 2018",G3 / Joe Satriani / John Petrucci / Uli Jon Roth Setlists
"Apr 15, 2018",Keen'V
"Apr 13, 2018",Bernard Lavilliers
"Mar 25, 2018",Kids United
"Mar 23, 2018",MHD
"Mar 22, 2018",Bigflo & Oli / Berywam / Temper La vraie vie Setlists
"Mar 18, 2018",Paradis Artificiels Festival / Vald / Romeo Elvis / Le 77 Paradis Artificiels Festival
"Mar 17, 2018",Paradis Artificiels Festival / Synapson / Rone / Klingande / Les Gordon Paradis Artificiels Festival
"Mar 16, 2018",Slimane
"Mar 15, 2018",Toto Setlists
"Mar 14, 2018",The Australian Pink Floyd Show
"Mar 13, 2018",Orelsan La fête est finie Setlists
"Mar 12, 2018",Orelsan / Phazz
"Feb 28, 2018",Soy Luna Setlists
"Feb 23, 2018",Rag’n’Bone Man Grande Reserve Setlists
"Feb 22, 2018",Lacrim
"Feb 19, 2018",Florent Pagny
"Feb 16, 2018",Claudio Capeo
"Feb 06, 2018",Charles Aznavour
"Jan 20, 2018",ALB Deux Tour Setlists
"Dec 20, 2019",M. Pokora / Philippine Lavrey Pyramide Tour
"Dec 19, 2019",M. Pokora / Philippine Lavrey
"Dec 15, 2019",Mika Revelation Tour Setlists
"Dec 14, 2019",Benny B / Black Box
"Dec 13, 2019",Koba LaD
"Dec 07, 2019",Saez Setlists
"Dec 06, 2019",ERA Setlists
"Dec 05, 2019",‐M‐ Le Grand Petit Concert
"Dec 03, 2019",Lomepal Setlists
"nov. 24, 2019",Aya Nakamura
"nov. 22, 2019",Claudio Capeo
"nov. 21, 2019",Rilès
"nov. 16, 2019",Stars 80 Stars 80 Triomphe
"nov. 10, 2019",Romeo Elvis / Tessa B
"nov. 08, 2019",Pascal Obispo
"nov. 07, 2019",Véronique Sanson
"oct. 26, 2019",Kassav'
"oct. 20, 2019",Sting Setlists
"oct. 19, 2019",Ibrahim Maalouf
"Sep 20, 2019",‐M‐ Taratata 100% Live Setlists
"Jun 23, 2019",Shy’m Agape tour Photos Setlists
"Jun 14, 2019",Ninho Setlists
"May 23, 2019",‐M‐ Le Grand Petit Concert Setlists
"May 22, 2019",‐M‐ Le Grand Petit Concert
"May 17, 2019",Jain Setlists
"May 11, 2019",Angèle / Julien Granel Brol Tour Setlists
"May 10, 2019",Back to Basic / Gioli & Assia / Nuttea
"Apr 27, 2019",Jenifer Setlists
"Apr 13, 2019",Stars 80 Stars 80 Triomphe
"Mar 31, 2019",PLK / Georgio / Caballero & JeanJass Paradis Artificiels
"Mar 30, 2019",Weekend Affair / Bagarre / Clara Luciani / Jeanne Added / Kiddy Smile
"Mar 29, 2019",Triggerfinger Les Paradis Artificiels Setlists
"Mar 18, 2019",Amel Bent / Léa Castel / Tibz / Madame Monsieur Une nuit à Makala
"Mar 16, 2019",Kendji Girac Setlists
"Mar 15, 2019",Zaz Setlists
"Mar 09, 2019",Shaka Ponk Setlists
"Mar 08, 2019",Eddy de Pretto
"Mar 03, 2019",Amir Setlists
"Mar 01, 2019",Gospel Pour 100 Voix
"Feb 27, 2019",Patrick Bruel
"Feb 26, 2019",Patrick Bruel
"Feb 15, 2019",MIKA Setlists
"Feb 08, 2019",Calogero Setlists
"Feb 02, 2019",Lomepal
"Jan 27, 2019",Kids United
"Jan 08, 2019",Rock Legends Festival / One Night of Queen / Letz Zep / The Doors Alive
"nov. 12, 2020",Queen Symphonic
"oct. 29, 2020",Boris / Samantha Fox / Michael Jones / Leee John / Caroline Loeb
"oct. 21, 2020",Dadju
"oct. 03, 2020",Mister V / Offsale
"Jun 26, 2020",Maitre Gim's
"Jun 25, 2020",Maitre Gim's
"Jun 17, 2020",Boris / Samantha Fox / Michael Jones / Leee John / Caroline Loeb
"Jun 10, 2020",Pnl
"May 28, 2020",Phil Barney / Cookie Dingler / Stars 80
"May 02, 2020",Eva
"Apr 27, 2020",GAUMAR Une nuit à Makala 2020
"Apr 25, 2020",Therapie Taxi / Michel
"Apr 11, 2020",Jain
"Apr 07, 2020",Metronomy
"Apr 03, 2020",Slimane / Vitaa
"Apr 02, 2020",Niska
"Mar 26, 2020",Keen'V
"Mar 13, 2020",Boulevard des Airs
"Mar 10, 2020",Ninho
"Mar 09, 2020",Le Grand Bleu
"Mar 08, 2020",Éric Serra
"Mar 06, 2020",Tri Yann
"Mar 04, 2020",Jean-Louis Aubert
"Mar 03, 2020",The Australian Pink Floyd Show
"Feb 26, 2020",James Blunt Setlists
"Feb 09, 2020",Generation Abba
"Feb 08, 2020",Alain Souchon En concert ici & là Setlists
"Feb 02, 2020",Bigflo & Oli / Berywam / Temper / Fabian Ordonez / LauCarré / 47TER Bigflo & Oli Setlists
"Jan 29, 2020",Gary Mullen / The Works
"Jan 24, 2020",The Rabeats Tournée 2020 - Le Best Of The Beatles
"Jan 16, 2020",Angèle Angèle @ Zénith Arena de Lille Setlists
"Jan 02, 2020",Yellow Socks Orchestra Setlists
"Dec 30, 2021",Concert
"Dec 29, 2021",Yellow Socks Orchestra Setlists
"Dec 15, 2021",Vitaa & Slimane / Vitaa / Slimane
"Dec 11, 2021",Amir
"Dec 09, 2021",Ninho Destin Tour
"Dec 04, 2021",Disney In Concert Magical Music From the Movies
"Dec 03, 2021",Julien Clerc
"Dec 01, 2021",Eva Setlists
"nov. 30, 2021",Eva EVA
"nov. 29, 2021",Dadju
"nov. 28, 2021",Dadju
"nov. 27, 2021",Kendji Girac
"nov. 26, 2021",The Avener
"nov. 24, 2021",Laurent Gerra
"nov. 21, 2021",Grand Corps Malade
"nov. 15, 2021",Jean-Louis Aubert
"nov. 13, 2021",Christophe Maé
"nov. 12, 2021",Christophe Maé
"nov. 10, 2021",Florent Pagny La tournée des 60 ans Setlists
"nov. 09, 2021",Florent Pagny
"nov. 06, 2021",Jean-Baptiste Guegan
"nov. 04, 2021",Francis Cabrel Setlists
"nov. 03, 2021",Francis Cabrel Trobador Tour Setlists
"oct. 27, 2021",Le Lac Des Cygnes
"oct. 25, 2021",Woodkid
"oct. 13, 2021",Eddy de Pretto
"oct. 09, 2021",Texas Setlists
"oct. 03, 2021",Gary Mullen & The Works One Night of Queen Setlists
"oct. 02, 2021",Frédéric François
"Sep 26, 2021",The World of Hans Zimmer
"May 15, 2021",Le Lac Des Cygnes
"Jan 04, 2021",Gary Mullen / The Works
"Dec 26, 2022",Casse / Noisette
"Dec 21, 2022",Casse / Noisette
"Dec 17, 2022",Jérémy Ferrari
"Dec 10, 2022",Julien Doré / Joseph Kamel Aimée Tour Photos
"Dec 09, 2022",Damso QALF Tour
"Dec 07, 2022",ERA The Live Experience
"nov. 26, 2022",Orelsan Setlists
"nov. 25, 2022",Orelsan / 3pour100 Civilisation Tour
"nov. 23, 2022",Dadju
"nov. 22, 2022",Angèle / Bianca Costa Angèle @ Zénith Arena de Lille Photos Setlists
"nov. 21, 2022",Angèle / Adèle Castillon Nonante Cinq Tour Photos Setlists
"nov. 18, 2022",Juliette Armanet Setlists
"nov. 16, 2022",Jacques Dutronc / Thomas Dutronc / Dutronc
"nov. 15, 2022",Amir
"nov. 13, 2022",Aldebert
"nov. 10, 2022",Feu! Chatterton / Trente Palais d'argile Setlists
"nov. 04, 2022",Grand Corps Malade
"oct. 29, 2022",Tayc
"oct. 28, 2022",Deep Purple / Jefferson Starship Whoosh Setlists
"oct. 27, 2022",Paranormal Festival Vladimir Cauchemar / DJ Bens / Raw / Shad / Le Pedre / Snight B / DJ Ned / Kres Waves & Stan Kayh
"oct. 25, 2022",Yellow Socks Orchestra Setlists
"oct. 23, 2022",Sting Photos Setlists
"oct. 22, 2022",Maes
"oct. 21, 2022",L’Entourloop
"oct. 20, 2022",Michael Gregorio
"oct. 15, 2022",Clara Luciani / LUMIÈRE (Can) Photos Setlists
"oct. 14, 2022",Clara Luciani Photos Setlists
"oct. 13, 2022",Vald Setlists
"oct. 12, 2022",Ilan Eshkeri
"oct. 9, 2022",Joe Hisaishi
"oct. 8, 2022",Joe Hisaishi
"oct. 7, 2022",Bernard Lavilliers
"oct. 6, 2022",john barry / John William
"oct. 5, 2022",Sch
"oct. 4, 2022",Dire Straits Experience
"oct. 2, 2022",-M- Photos
"oct. 1, 2022",-M- Setlists
"Sep 30, 2022",Fatal bazooka Lille deraille
"Sep 23, 2022",Kid Francescoli
"Sep 22, 2022",Le Grand Bleu
"Sep 11, 2022",Arcade Fire / Feist Setlists
"Jun 24, 2022",Dirty Dancing
"Jun 17, 2022",Aida
"Jun 12, 2022",Sexion d'Assaut
"Jun 11, 2022",Sexion d'Assaut
"May 30, 2022",Veronic DiCaire
"May 21, 2022",Zucchero Sugar Fornaciari / Gaelle Buswel
"May 20, 2022",PLK / Bekar Enna Tour Photos Setlists
"May 13, 2022",Back to Basics / Larusso / Nuttea
"May 12, 2022",Gad Elmaleh
"May 10, 2022",Iggy Pop Setlists
"May 07, 2022",Marcel et Son Orchestre / Les Fatals Picards / Marcel Setlists
"May 06, 2022",Franz Ferdinand / Ryder The Eagle Setlists
"May 05, 2022",Pnl / DTF PNL Live Setlists
"May 04, 2022",Pnl / DTF Deux Frères Tour Setlists
"May 02, 2022",Simple Minds Setlists
"Apr 30, 2022",Vianney / Janie Vianney - N’attendons Pas Setlists
"Apr 29, 2022",Vianney
"Apr 28, 2022",Vianney / Janie
"Apr 27, 2022",Eddy de Pretto
"Apr 16, 2022",Texas 30ème anniversaire de Southside Setlists
"Apr 15, 2022",Legend`s Of Rock
"Apr 10, 2022",Hoshi Tournée des Zéniths
"Apr 06, 2022",Hoshi Setlists
"Apr 04, 2022",Metronomy Setlists
"Apr 03, 2022",Kendji Girac
"Mar 31, 2022",Tagada Jones / Mass Hysteria / No One is Innocent / Ultra Vomit Le gros 4: Tagada Jones / Mass Hysteria / No One is Innocent / Ultra Vomit
"Mar 30, 2022",Ben Mazué
"Mar 27, 2022",Orelsan / 3 pour 100 Civilisation Tour Photos Setlists
"Mar 26, 2022",Maestro / Jean-Baptiste Guegan
"Mar 24, 2022",47TER / Bekar 47ter - Légende Tour Photos
"Mar 21, 2022",Asaf Avidan
"Mar 15, 2022",Clara Luciani Setlists
"Mar 13, 2022",The Rabeats Tournée 2020 - Le Best Of The Beatles Setlists
"Mar 12, 2022",Le Lac Des Cygnes
"Mar 06, 2022",Julien Doré
"Mar 05, 2022",kaky Setlists
"Mar 04, 2022",Julien Doré Setlists
"Feb 27, 2022",The Australian Pink Floyd Show Setlists
"Feb 26, 2022",Alain Souchon Setlists
"Feb 22, 2022",Gims / Linh Décennie Tour
"Feb 21, 2022",Gims Setlists
"Jan 22, 2022",Dombrance
"Jan 21, 2022",100 Voices Of Gospel / Gospel Pour 100 Voix
"Jan 18, 2022",Benjamin Biolay
"Jan 16, 2022",Chantal Goya
"Jan 15, 2022",Goldmen
"Jan 04, 2022",Gary Mullen / The Works
"Dec 26, 2023",Casse / Noisette
"Dec 17, 2023",M Pokora M.POKORA
"Dec 16, 2023",Disney 100 Years DISNEY 100 ANS
"Dec 15, 2023",Matmatah MATMATAH Setlists
"Dec 14, 2023",Claudio Capeo CLAUDIO CAPEO
"Dec 10, 2023",Nej Photos
"Dec 08, 2023",Kyo / Stéphane Le Chemin 20 ans Setlists
"Dec 07, 2023",Sofiane Pamart SOFIANE PAMART
"Dec 06, 2023",Hyphen Hyphen HYPHEN HYPHEN
"Dec 05, 2023",Etienne Daho Setlists
"Dec 04, 2023",Benjamin Biolay BENJAMIN BIOLAY Setlists
"Dec 02, 2023",Christophe Willem CHRISTOPHE WILLEM
"Dec 01, 2023",Florence Foresti FLORENCE FORESTI
"nov. 30, 2023",Florence Foresti FLORENCE FORESTI
"nov. 29, 2023",Stars 80 / Phil Barney / Emile / Joniece Jamison / Jean-Pierre Mader / Patrick Hernandez / Encore
"nov. 21, 2023",Saez SAEZ Setlists
"nov. 19, 2023",Christophe Maé
"nov. 18, 2023",Christophe Maé CHRISTOPHE MAE
"nov. 17, 2023",Ziak ZIAK
"nov. 15, 2023",FRANGLISH
"nov. 12, 2023",Pascal Obispo OBISPO
"nov. 11, 2023",Dub Incorporation DUB INC - DANAKIL
"nov. 10, 2023",Zola ZOLA
"nov. 9, 2023",Djadja & Dinaz DJADJA & DINAZ
"nov. 8, 2023",Lomepal Mauvais ordre tour Setlists
"nov. 7, 2023",Lomepal / Benjamin Vndredi Mauvais Ordre Tour
"nov. 4, 2023",Jain Setlists
"nov. 3, 2023",Ibrahim Maalouf IBRAHIM MAALOUF
"oct. 28, 2023",Fatal Bazooka / PZK / Roméo Elvis Paranormal Festival
"oct. 27, 2023",GAZO
"oct. 22, 2023",Maxime Gasteuil MAXIME GASTEUIL
"oct. 18, 2023",Michel Sardou SARDOU - MICHEL SARDOU Setlists
"oct. 17, 2023",Michel Sardou SARDOU - MICHEL SARDOU
"oct. 15, 2023",Brussels Philharmonic / Frank Strobel / Vlaams Radiokoor
"oct. 14, 2023",Shaka Ponk SHAKA PONK Setlists
"oct. 13, 2023",Shaka Ponk SHAKA PONK Setlists
"oct. 1, 2023",Black M BLACK M
"Sep 29, 2023",Redouane Bougheraba REDOUANE BOUGHERABA
"Sep 22, 2023",Martin Solveig / Miel de Montagne / Upsilone / Victor Flash
"Sep 06, 2023",Louise Attaque LOUISE ATTAQUE Setlists
"Jul 06, 2023",One Night of Queen Perf. By Gary Mullen ONE NIGHT OF QUEEN
"Jun 16, 2023",JOYAUX
"Jun 15, 2023",ABBA Mania / The Bestbeat
"Jun 14, 2023",Sum 41 / Fishbone / LANDMVRKS Summer Tour 2023 Videos Setlists
"Jun 07, 2023",Evanescence / TIGRESS Tour 2023 Setlists
"May 26, 2023",Ghost / Spiritbox / Lucifer Re-Imperatour 2023 Photos Setlists
"May 23, 2023",-M- Setlists
"May 22, 2023",-M-
"May 21, 2023",STARMANIA
"May 20, 2023",STARMANIA
"May 19, 2023",STARMANIA
"May 18, 2023",STARMANIA
"May 17, 2023",STARMANIA
"May 09, 2023",Scorpions SCORPIONS Setlists
"May 07, 2023",Bigflo & Oli / Olympe Chabert Les autres c’est nous tour Setlists
"May 06, 2023",Bigflo & Oli / Tioma Setlists
"May 05, 2023",Lynda LYNDA
"Apr 21, 2023",Jean-Marie Bigard JEAN MARIE BIGARD
"Apr 20, 2023",Josman Photos
"Apr 16, 2023",Le Lac Des Cygnes
"Apr 13, 2023",Lomepal Mauvais Ordre Tour Setlists
"Apr 12, 2023",Lomepal Mauvais Ordre Tour
"Apr 11, 2023",The Harlem Globetrotters HARLEM GLOBETROTTERS
"Apr 01, 2023",Stars 80 / Phil Barney / Emile / Joniece Jamison / Jean-Pierre Mader / Encore
"Mar 30, 2023",L'Heritage Goldman
"Mar 28, 2023",Louise Attaque LOUISE ATTAQUE Setlists
"Mar 26, 2023",JE VAIS T'AIMER
"Mar 25, 2023",JE VAIS T'AIMER
"Mar 23, 2023",Johnny Hallyday JOHNNY SYMPHONIQUE TOUR
"Mar 22, 2023",Inès Reg INES REG
"Mar 16, 2023",Celtic Legends CELTIC LEGENDS
"Mar 15, 2023",Camille Lellouche CAMILLE LELLOUCHE
"Mar 14, 2023",Kev Adams KEV ADAMS
"Mar 12, 2023",Jeff Panacloc JEFF PANACLOC ADVENTURE
"Mar 10, 2023",Jenifer / Al.Hy Setlists
"Mar 05, 2023",Le Lac Des Cygnes
"Mar 04, 2023",HF Thiefaine / Hubert-Félix Thiéfaine / Paul Pavillon Replugged Setlists
"Mar 03, 2023",Messmer MESSMER
"Feb 26, 2023",les bodin's LES BODIN'S GRANDEUR NATURE
"Feb 25, 2023",les bodin's LES BODIN'S GRANDEUR NATURE
"Feb 24, 2023",les bodin's LES BODIN'S GRANDEUR NATURE
"Feb 14, 2023",80
"Feb 03, 2023",Queen Symphonic / QUEEN Symphonic: A Rock Band & Orchestra Experience
"Jan 31, 2023",Lorenzo / Le Poto Rico La dernirère tournée
"Jan 27, 2023",80
"Jan 14, 2023",Pierre
"Jan 12, 2023",Clara Luciani
"Jan 06, 2023",Goldmen / With U2 Day
"Jan 05, 2023",Gary Mullen / The Works
"Dec 21, 2024",Calogero Setlists
"Dec 20, 2024",Calogero Setlists
"Dec 19, 2024",Vitaa
"Dec 18, 2024",Sch Photos
"Dec 17, 2024",Sch
"Dec 08, 2024",Stars 80 / Encore
"Dec 07, 2024",The Rabeats THE RABEATS
"Dec 06, 2024",Marie S'Infiltre
"Dec 05, 2024",Alban Ivanov ALBAN IVANOV
"Dec 04, 2024",Eddy de Pretto
"Dec 03, 2024",Hoshi
"nov. 30, 2024",Charlotte Cardin / Eugénie Setlists
"nov. 29, 2024",Kaaris Or Noir : Les 10 ans Setlists
"nov. 28, 2024",Grand Corps Malade
"nov. 26, 2024",Feder Setlists
"nov. 23, 2024",Zaho De Sagazan Setlists
"nov. 22, 2024",Fally Ipupa
"nov. 21, 2024",Maitre Gims Photos Setlists
"nov. 12, 2024",Kaleo Setlists
"nov. 10, 2024",David Hallyday Setlists
"nov. 9, 2024",Dire Straits Experience feat. Chris White THE DIRE STRAITS EXPERIENCE
"nov. 8, 2024",Shaka Ponk Setlists
"nov. 7, 2024",Shaka Ponk
"nov. 6, 2024",Werenoi
"oct. 27, 2024",Alors on Danse
"oct. 24, 2024",Luidji
"oct. 23, 2024",Soolking
"oct. 20, 2024",Ycare
"oct. 18, 2024",Slimane
"oct. 17, 2024",Slimane
"oct. 12, 2024",JE VAIS T'AIMER
"oct. 11, 2024",JE VAIS T'AIMER
"oct. 9, 2024",Patrick Bruel
"oct. 8, 2024",Patrick Bruel 2024 tour
"oct. 2, 2024",One Night of Queen Perf. By Gary Mullen ONE NIGHT OF QUEEN Photos
"Sep 30, 2024","Seal Seal,SEAL at Zenith Arena Setlists"
"Sep 26, 2024",Le Concert
"Jun 09, 2024",Molière l'opéra urbain Molière l’opéra urbain
"Jun 01, 2024",With U2 Day / Edgar
"May 31, 2024",Patrick Bruel
"May 30, 2024",Patrick Bruel
"May 26, 2024",M Pokora M.POKORA
"May 25, 2024",M Pokora M.POKORA
"May 23, 2024",Slimane SLIMANE
"May 19, 2024",Star Academy
"May 18, 2024",Star Academy / Louis albi STAR ACADEMY @ Zénith Arena de Lille
"May 05, 2024",Le Lac Des Cygnes
"May 04, 2024",Keen'V KEEN'V
"Apr 21, 2024",Stars 80 Stars 80 - Encore ! Setlists
"Apr 18, 2024",Jeff Panacloc JEFF PANACLOC ADVENTURE - JEFF PANACLOC
"Apr 17, 2024",Veronic DiCaire VERONIC DICAIRE
"Apr 16, 2024",The World of Hans Zimmer THE WORLD OF HANS ZIMMER
"Apr 07, 2024",Murmuration MURMURATION - 'MURMURATION'
"Apr 05, 2024",Star Academy STAR ACADEMY @ Zénith Arena de Lille Photos
"Apr 04, 2024",Star Academy Tour Star Academy / Pierre Garnier / Helena / Lenie / Candice / Djebril Slatni / Axel Marbeuf / Julien Lieb Photos
"Apr 03, 2024",Johnny Hallyday JOHNNY SYMPHONIQUE TOUR
"Apr 02, 2024",Les Cowboys Fringants LES COWBOYS FRINGANTS
"Mar 31, 2024",The Bootleg Beatles THE BOOTLEG BEATLES Setlists
"Mar 30, 2024",Patrick Fiori
"Mar 29, 2024",Hoshi / Météo Mirage Cœur Parapluie tour Photos
Date,Concert
"Mar 24, 2024",PLK
"Mar 22, 2024",Le Lac Des Cygnes
"Mar 21, 2024",Messmer MESSMER - 13Hz
"Mar 16, 2024",Goldmen
"Mar 13, 2024",Michael Jones / L'Heritage Goldman
"Mar 10, 2024",Cirque du Soleil's OVO
"Mar 09, 2024",Cirque du Soleil's OVO
"Mar 08, 2024",Cirque du Soleil's OVO
"Mar 07, 2024",Cirque du Soleil's OVO
"Mar 03, 2024",Mika Apocalypse Calypso Tour Setlists
"Feb 24, 2024",FRANGLISH
"Feb 23, 2024",PLK / Malo 140 Tour
"Feb 22, 2024",PLK / Malo 140 Tour
"Feb 21, 2024",James Blunt / Tors The Who We Used To Be Tour Setlists
"Feb 18, 2024",ERA
"Feb 17, 2024",Gospel Pour 100 Voix GOSPEL POUR 100 VOIX
"Feb 16, 2024",Grand Corps Malade GRAND CORPS MALADE Setlists
"Feb 09, 2024",Concert Setlists
"Feb 04, 2024",The Australian Pink Floyd Show Setlists
"Feb 01, 2024",ZKR
"Jan 28, 2024",500 Voix Pour Queen
"Jan 26, 2024",Michael Gregorio MICHAEL GREGORIO
"Jan 25, 2024",Alban Ivanov ALBAN IVANOV
"Jan 24, 2024",Christophe Maé Setlists
"Jan 23, 2024",Pascal Obispo
"Jan 21, 2024",Notre Dame de Paris Notre dame de Paris
"Jan 20, 2024",Notre Dame de Paris / Notre
"Jan 19, 2024",Notre Dame de Paris / Notre
"Jan 11, 2024",Calogero Setlists
"Jan 03, 2024",Harry Potter et le Prisonnier d’Azkaban en ciné-concert
"Dec 21, 2025",Tiakola
"Dec 20, 2025",Dany Boon DANY BOON
"Dec 19, 2025",Dany Boon DANY BOON
"Dec 18, 2025",Dany Boon DANY BOON
"Dec 07, 2025",Chantal Goya Setlists
"Dec 06, 2025",Laura Laune LAURA LAUNE
"Dec 04, 2025",HK
"Dec 03, 2025",Pierre Garnier Chaque Seconde Tour
"Dec 02, 2025",Nej
"nov. 30, 2025",M Pokora M.POKORA
"nov. 28, 2025",Gojira / Comeback Kid / Neckbreakker Videos Setlists
"nov. 27, 2025",Hamza Insomnia Tour
"nov. 25, 2025",Marie S'Infiltre MARIE S'INFILTRE
"nov. 22, 2025",M Pokora M.POKORA
"nov. 21, 2025",Djal
"nov. 20, 2025",Amir
"nov. 18, 2025",Simply Red 40th Anniversary Tour Setlists
"nov. 15, 2025",Lamomali
"nov. 14, 2025",‐M‐ Lamomali Tour Setlists
"nov. 12, 2025",Louane
"nov. 9, 2025",Vitaa
"nov. 8, 2025",Gims Le Dernier Tour Setlists
"nov. 7, 2025",Julien Dore JULIEN DORE
"nov. 6, 2025",Julien Dore / Olympe Chabert JULIEN DORE
"nov. 5, 2025",Sdm Sdm Tour
"oct. 31, 2025",Santa
"oct. 30, 2025",Jean‐Louis Aubert Pafini Tour Setlists
"oct. 29, 2025",GAZO
"oct. 25, 2025",Lara Fabian
"oct. 24, 2025",Ahmed Sylla AHMED SYLLA
"oct. 23, 2025",Veronique Sanson
"oct. 18, 2025",Helena La 1ère tournée en + grand Photos
"oct. 12, 2025",les bodin's
"oct. 11, 2025",les bodin's
"oct. 10, 2025",les bodin's
"oct. 4, 2025",Aldebert
"oct. 2, 2025",La La Land La La Land Ciné Concert
"Sep 19, 2025",Lilly Palmer / Noba
"Sep 18, 2025",Drag Race France Live All Stars ! Drag Race France Live All Stars ! @ Zénith Arena de Lille
"Jun 28, 2025",New rave Weekender Jour 2 Shlømo / Le Wanski / Zapravka / Omaks / VCL / Pawlowski / Vilain (special show) / ANSWR / Laure
"Jun 27, 2025",Odymel
"Jun 22, 2025",Santa
"Jun 21, 2025",Star Academy
"Jun 20, 2025",Star Academy
"Jun 18, 2025",Pierre Garnier Pierre Garnier @ Zénith Arena de Lille
"Jun 17, 2025",Powerwolf / Dragonforce Warp Speed Warriors Photos Setlists
"Jun 07, 2025",La Haine
"Jun 06, 2025",La Haine La haine jusqu’ici rien n’a changé
"May 29, 2025",Molière l’Opéra Urbain Moliere le spectacle
"May 25, 2025",Molière
"May 24, 2025","Molière l’Opéra Urbain Molière, Le Spectacle Photos"
"May 23, 2025",Molière
"May 17, 2025",Patrick Fiori
"May 16, 2025",Louane
"May 15, 2025",Waly Dia
"May 11, 2025",Gad Elmaleh
"May 10, 2025",Gad Elmaleh
"Apr 29, 2025",Katerine Zouzou Tour Setlists
"Apr 24, 2025",Soolking
"Apr 23, 2025","Heilung Albion, Eiru ok Erop Ferdhast"
"Apr 11, 2025",Koba LaD
"Apr 10, 2025",Inès Reg
"Apr 09, 2025",Inès Reg
"Apr 07, 2025",La Fouine
"Apr 06, 2025",Starmusical
"Apr 05, 2025",Tiakola
"Mar 29, 2025",Julien Dore Setlists
"Mar 28, 2025",Julien Dore
"Mar 27, 2025",Julien Dore Setlists
"Mar 25, 2025",Pierre Garnier / Daysy Videos
"Mar 23, 2025",Star Academy / Julien Lieb Star Academy Tour
"Mar 22, 2025",Star Academy STAR ACADEMY @ Zénith Arena de Lille
"Mar 21, 2025",Star Academy
"Mar 20, 2025",Queen
"Mar 19, 2025",Thomas Marty
"Mar 18, 2025",Artus
"Mar 16, 2025",FRANGLISH
"Mar 14, 2025",Saez Apocalypse Setlists
"Mar 13, 2025",Jean‐Louis Aubert Pafini Tour
"Mar 12, 2025",Celtic Legends
"Mar 11, 2025",Queen Extravaganza - Trib. to Queen
"Mar 10, 2025",Architects / Brutus / Guilt Trip 2025 Spring EU tour Setlists
"Mar 08, 2025",So Floyd - Trib. to Pink Floyd SO FLOYD – THE PINK FLOYD TRIBUTE
"Mar 05, 2025",Rootsriders
"Mar 04, 2025",Meute
"Mar 01, 2025",The Bootleg Beatles Setlists
"Feb 28, 2025",Jarry JARRY
"Feb 24, 2025",ERA Setlists
"Feb 22, 2025",Jamel Comedy Club
"Feb 18, 2025",Maitre Gims GIMS at Zenith Arena Setlists
"Feb 16, 2025",Fabien Olicard
"Feb 11, 2025",Toto / Christopher Cross Setlists
"Feb 02, 2025",Ahmed Sylla AHMED SYLLA
"Feb 01, 2025",Élodie Poux Elodie Poux
"Jan 30, 2025",GAZO
"Jan 29, 2025",Clara Luciani Setlists
"Jan 28, 2025",Clara Luciani Setlists
"Jan 27, 2025",Hans Zimmer
"Jan 26, 2025",Belles
"Jan 25, 2025",Sdm 2025 Tour Setlists
"Jan 19, 2025",Disney on Ice: 100 Years of Wonder
"Jan 18, 2025",Disney on Ice: 100 Years of Wonder
"Jan 17, 2025",Disney on Ice: 100 Years of Wonder
"Jan 15, 2025",Disney on Ice: 100 Years of Wonder
"Jan 12, 2025",Yellow Socks Orchestra
"Jan 11, 2025",Yellow Socks Orchestra
"Jan 10, 2025",Malik Bentalha
"Jan 25, 2026",Michel Jonasz
"Jan 24, 2026",Bekar Zénith de Bekar
"Jan 23, 2026",Rilès
"Jan 21, 2026",One Night of Queen Perf. By Gary Mullen ONE NIGHT OF QUEEN
"Jan 10, 2026",Gospel Pour 100 Voix
"Jan 07, 2026",Luc Langevin LUC LANGEVIN – L'ILLUSIONNISTE
"Mar 05, 2026",Jérémy Frérot JEREMY FREROT
"Mar 04, 2026",Morrissey Setlists
"Mar 03, 2026",Fabrice Éboué FABRICE EBOUE
"Feb 28, 2026",Star Academy
"Feb 26, 2026",Yellow Socks Orchestra Les musiques de Joe Hisaishi en concert symphonique
"Feb 25, 2026",Le Concert
"Feb 22, 2026",Calema
"Feb 18, 2026",Orelsan La Fuite En Avant tour Photos
"Feb 17, 2026",Orelsan Orelsan Tour 2026 Setlists
"Feb 16, 2026",Orelsan Orelsan Tour 2026
"Feb 15, 2026",Mika / Jack Garratt Spinning Out Tour Setlists
"Feb 14, 2026",Élodie Poux ELODIE POUX
"Feb 13, 2026",GENERATION CELINE
"Feb 12, 2026",Louane
"Feb 11, 2026",Elena Nagapetyan ELENA NAGAPETYAN
"Feb 10, 2026",Clara Luciani Setlists
"Feb 07, 2026",Diane Segard DIANE SEGARD
"Feb 05, 2026",DJ Kore
"Feb 03, 2026",La Fouine Tournée des 20 ans
"Feb 01, 2026",Feu! Chatterton / Sam Sauvage Videos Photos Setlists
"Mar 12, 2026",Ben Mazué
"Mar 11, 2026",Lara Fabian
"Mar 10, 2026",Santa Photos
"Mar 08, 2026",Paul Mirabel PAUL MIRABEL
"Mar 07, 2026",Paul Mirabel
"Mar 06, 2026",Paul Mirabel